##CRIANDO SCHEMA - banco de dados
CREATE SCHEMA `dw` DEFAULT CHARACTER SET utf8 ;

##CRIANDO REPOSITÓRIOS DE DADOS - tabelas
CREATE TABLE `dw`.`Orders` (
    order_id INT NOT NULL AUTO_INCREMENT,
    product_id INT NOT NULL,
    customer_id INT NOT NULL,
    order_date DATE,
    quantity INT NOT NULL,
    price DOUBLE NOT NULL,
    discount DOUBLE,
    net_price DOUBLE NOT NULL,
    PRIMARY KEY (order_id),
    FOREIGN KEY (product_id) REFERENCES Products(product_id),
    FOREIGN KEY (customer_id) REFERENCES Customers(customer_id)
) ENGINE=INNODB DEFAULT CHARSET=utf8;

CREATE TABLE `dw`.`Products` (
    product_id INT NOT NULL,
    description VARCHAR(255) NOT NULL,
    stock_quantity INT NOT NULL,
    unit_price DOUBLE NOT NULL,
    provider VARCHAR(255),
    PRIMARY KEY (product_id)
) ENGINE=INNODB DEFAULT CHARSET=utf8;

CREATE TABLE `dw`.`Customers` (
    customer_id INT NOT NULL,
    name VARCHAR(255) NOT NULL,
    email VARCHAR(255) NOT NULL,
    adress VARCHAR(255) NOT NULL,
    birth_date DATE,
    user VARCHAR(20),
    password VARCHAR(20),
    status VARCHAR(10),
    PRIMARY KEY (customer_id)
) ENGINE=INNODB DEFAULT CHARSET=utf8;

##http://sqlparatodos.com.br/engines-mysql-innodb/
##
##POPULANDO a tabela (https://ciberduvidas.iscte-iul.pt/consultorio/perguntas/popular-tambem-e-verbo/33443)
use dw;

INSERT INTO `Customers` (`customer_id`,`name`,`email`,`adress`,`birth_date`,`user`,`password`,`status`) VALUES (1,"Amethyst","neque@actellus.net","Ap #399-4053 Tellus Ave","1962-08-07","1669091679299","OBQ79DLM0TS","ATIVO"),(2,"Maryam","Phasellus.fermentum@etpedeNunc.org","Ap #580-6932 Placerat. Avenue","2009-09-24","1638012689399","TKI27ODZ8LN","ATIVO"),(3,"Dorian","et@Naminterdumenim.co.uk","P.O. Box 158, 886 Diam. Street","1958-10-21","1628080686899","XNB89QZA2XD","ATIVO"),(4,"Suki","non.luctus@musAenean.ca","P.O. Box 538, 602 Iaculis Street","1972-08-07","1677112799299","PFN35MFZ6AP","ATIVO"),(5,"Christian","sem.molestie@enim.edu","680-7377 A Ave","2006-03-02","1613121619599","DWD13AKH3HN","ATIVO"),(6,"Zelenia","cursus.et@Uttincidunt.com","294 Vestibulum, Rd.","2014-08-19","1605041116699","MXQ74JYC0LX","ATIVO"),(7,"Charles","Nam.ac.nulla@elementumpurus.net","9253 Amet, Rd.","1993-09-07","1665093008199","IAQ59GAD1FE","ATIVO"),(8,"Mira","ultricies@estcongue.net","6892 Dui Road","1997-03-11","1665091457999","RXG86KXS8LV","ATIVO"),(9,"Thor","imperdiet.erat@Maurisnulla.net","853-8859 Semper Street","1990-05-05","1678020132099","TRK71KRR0MU","ATIVO"),(10,"Katell","sodales.elit.erat@Inornare.edu","284-9747 Vitae Ave","1993-06-28","1631011314499","LGV68CPQ4BA","ATIVO");
INSERT INTO `Customers` (`customer_id`,`name`,`email`,`adress`,`birth_date`,`user`,`password`,`status`) VALUES (11,"Aspen","Donec@porttitorscelerisque.org","1308 Morbi Rd.","2017-03-22","1689102495999","KJF46XBD1DN","ATIVO"),(12,"Althea","Quisque.purus@felisullamcorper.net","Ap #360-5974 Maecenas Road","1955-10-24","1631030379699","DGS64INY8WB","ATIVO"),(13,"Quinn","risus.Donec@suscipitest.net","247-2085 Luctus, Road","1957-03-17","1673040342299","FBU53GCR6DE","ATIVO"),(14,"Tucker","et.magna.Praesent@at.net","551-6389 Id Rd.","1969-10-11","1608111659599","WHH37NUG8DE","ATIVO"),(15,"Sonia","pellentesque@ipsumDonec.co.uk","245-3414 Facilisis Av.","2018-01-07","1688052393699","RUE31CWI2KC","ATIVO"),(16,"Paki","sed.leo@vitae.edu","Ap #220-1876 Convallis St.","1952-01-28","1647032507099","QQS24GCK5IH","ATIVO"),(17,"Alexander","consequat.purus.Maecenas@anteipsum.edu","8470 Eu Av.","2014-03-06","1615080997799","TKZ76GUJ9HD","ATIVO"),(18,"Armando","at.risus@dignissimlacus.ca","P.O. Box 389, 1609 Sit St.","1970-11-27","1629121354399","GZK03KYB4RZ","ATIVO"),(19,"Stella","imperdiet.erat@tincidunt.com","P.O. Box 822, 3899 Ornare, Av.","1991-12-04","1633073007999","DBV55OSF4RJ","ATIVO"),(20,"Finn","Nulla.eu@libero.net","5638 Nulla Rd.","1959-07-31","1650051928099","LTH72NWB7ZA","ATIVO");
INSERT INTO `Customers` (`customer_id`,`name`,`email`,`adress`,`birth_date`,`user`,`password`,`status`) VALUES (21,"Michael","Sed@nullamagna.net","P.O. Box 235, 3563 Sit Rd.","1950-10-03","1654032248499","FUN95HVG2MG","ATIVO"),(22,"Garrison","sapien.Aenean.massa@vehiculaetrutrum.com","208-1089 Blandit. St.","1958-07-06","1671021802199","LOO68TEP9TM","ATIVO"),(23,"Florence","mauris@semmollis.edu","Ap #459-5637 Ligula. Street","1990-03-30","1638011894799","TYP35ATA0ML","ATIVO"),(24,"Kylan","elit.elit@Maurisutquam.net","Ap #643-6490 Tellus. St.","2003-10-31","1692031456499","RTY23DWP1WI","ATIVO"),(25,"Colton","pharetra@Integeraliquamadipiscing.com","744-3085 Massa Ave","1996-05-22","1647012700599","HNL25FUO4VC","ATIVO"),(26,"Rylee","molestie.in@nequeMorbi.net","3622 Mollis. St.","1953-10-07","1600020255399","DKR93AJV4WI","ATIVO"),(27,"David","interdum@iaculisodioNam.edu","P.O. Box 458, 4422 Interdum Rd.","1950-11-22","1673010203699","BEU49ILF1SW","ATIVO"),(28,"Tyrone","tempus.eu@adipiscingelitAliquam.ca","789-5462 Vitae Avenue","1988-10-30","1636070815799","DCE52EAX5RS","ATIVO"),(29,"Yoshio","Ut.nec@erategettincidunt.net","P.O. Box 177, 8840 Augue, Rd.","1987-06-09","1680020798699","OEQ62FKP6YB","ATIVO"),(30,"Alika","urna@turpisNullaaliquet.org","337-9447 Eros Rd.","1959-01-08","1688123091899","PNM96YFP7FB","ATIVO");
INSERT INTO `Customers` (`customer_id`,`name`,`email`,`adress`,`birth_date`,`user`,`password`,`status`) VALUES (31,"Ryan","eleifend.egestas.Sed@nulla.edu","3179 Egestas St.","2018-07-16","1675051827199","AEB01VBQ4DI","ATIVO"),(32,"Perry","Suspendisse@Aliquamgravida.net","Ap #383-3746 Fringilla Street","1985-03-10","1688120970999","EZM65JCE6AE","ATIVO"),(33,"Curran","mattis.ornare.lectus@idmagnaet.net","585-4467 Nunc Av.","1959-09-19","1644021675199","VUL98ZBK5QQ","ATIVO"),(34,"Quinn","et.rutrum.eu@Duissit.edu","P.O. Box 349, 6863 Diam Rd.","1985-10-03","1697121439399","QIF92DBO7JQ","ATIVO"),(35,"Mannix","accumsan.convallis@adipiscingligulaAenean.com","768-1887 Neque. Av.","1978-08-31","1682111603299","RXV86UZS6UQ","ATIVO"),(36,"Brianna","Cras.vulputate@nonbibendum.org","Ap #772-2168 Nisi Street","1951-07-03","1624041858999","MNQ07MLN9SM","ATIVO"),(37,"Melissa","Fusce.fermentum@utmiDuis.net","694 Nisi. Avenue","1970-07-15","1620081682499","TKB45UME8EK","ATIVO"),(38,"Quyn","pellentesque.a.facilisis@tempor.net","534-7583 Ac St.","2008-11-18","1698052202799","RLB89RXA3EH","ATIVO"),(39,"Yasir","tellus.lorem.eu@odioPhasellusat.edu","638-5326 Nec Street","1982-01-13","1690032948099","PZY31DMD4GJ","ATIVO"),(40,"April","Fusce.diam@leoMorbi.co.uk","P.O. Box 829, 878 Orci, Rd.","2007-07-29","1637091873999","EZJ25EZV5NC","ATIVO");
INSERT INTO `Customers` (`customer_id`,`name`,`email`,`adress`,`birth_date`,`user`,`password`,`status`) VALUES (41,"Brielle","Morbi.neque.tellus@odio.com","3547 Enim Road","2008-07-16","1679061488699","TGP07DSU9FQ","ATIVO"),(42,"Caesar","ac@elit.ca","Ap #612-4825 Ante Rd.","1990-09-19","1634101169399","XNW79PVD3CG","ATIVO"),(43,"Louis","ac.facilisis@tortorInteger.net","Ap #852-5868 In, Avenue","1996-02-11","1643122150899","ALI38TJS7HX","ATIVO"),(44,"Sylvester","Ut@interdumlibero.edu","423-6942 Tempus, Rd.","1977-09-21","1649080899999","GHH59HPH8HO","ATIVO"),(45,"Idola","fringilla@Sedcongueelit.co.uk","Ap #144-7627 Velit. Rd.","1961-02-17","1685122146899","RSS78OYH3RD","ATIVO"),(46,"Barrett","eleifend.egestas.Sed@mi.net","P.O. Box 640, 5873 Facilisis St.","1972-10-22","1674072250699","HOQ78UMD0AK","ATIVO"),(47,"Rylee","velit.eget.laoreet@risusQuisque.com","285-128 Turpis Avenue","2014-02-06","1610122649199","SVN30GEL8PO","ATIVO"),(48,"Kiona","euismod.enim.Etiam@vestibulumneceuismod.co.uk","P.O. Box 741, 8081 Curabitur Av.","1951-08-24","1615052094999","FQX24PAH3KF","ATIVO"),(49,"Madonna","rhoncus.id.mollis@luctusaliquet.org","P.O. Box 728, 2713 Tortor, Avenue","2008-03-31","1669022534899","FKE66BUV5CZ","ATIVO"),(50,"Clinton","erat@tempuseu.com","Ap #679-8631 Dictum Street","2003-09-05","1684082370299","EDZ64ZRT6IN","ATIVO");
INSERT INTO `Customers` (`customer_id`,`name`,`email`,`adress`,`birth_date`,`user`,`password`,`status`) VALUES (51,"Frances","elementum@auctornuncnulla.edu","Ap #377-3016 Sed Avenue","1974-07-17","1636091482999","WBW10PFE0JG","ATIVO"),(52,"Rosalyn","purus.mauris@Duisa.co.uk","Ap #492-3966 Luctus St.","1984-09-04","1651081370999","BFW56IVN6MN","ATIVO"),(53,"Reese","sem.semper@eteros.co.uk","Ap #241-8407 Dolor. Rd.","1980-09-24","1666082989599","GWK55CKS8IF","ATIVO"),(54,"Flynn","urna.justo@Aliquameratvolutpat.edu","123-2865 Quis Road","1995-10-20","1664102282899","GCE76QAL6KW","ATIVO"),(55,"Tiger","Duis.gravida.Praesent@egestasrhoncus.ca","783-364 Nec, Road","1984-03-23","1619020898399","JIS82SBA9YA","ATIVO"),(56,"Colin","ipsum.sodales.purus@risus.org","P.O. Box 666, 6839 Vel Rd.","1961-11-22","1663122659599","QCQ07EAB6YT","ATIVO"),(57,"Samuel","Mauris@placeratvelitQuisque.net","4328 Urna Rd.","1969-11-24","1632010535199","SEY16LEH6FG","ATIVO"),(58,"Claire","libero@Maurisvel.org","Ap #509-7439 Enim. Avenue","1998-08-21","1646011801899","UGT86XZC0XL","ATIVO"),(59,"Jin","erat.volutpat.Nulla@consectetueradipiscingelit.com","7449 Amet Avenue","2016-04-12","1676022703099","BZC05YKN8LR","ATIVO"),(60,"Nero","quam.a.felis@mifelis.com","Ap #245-6863 Ipsum Av.","1957-07-19","1644062684899","SWR87CBQ4WM","ATIVO");
INSERT INTO `Customers` (`customer_id`,`name`,`email`,`adress`,`birth_date`,`user`,`password`,`status`) VALUES (61,"Ebony","vitae.purus@sitamet.edu","Ap #251-6657 Id, St.","1989-11-04","1684111815899","KNO62NJO7VK","ATIVO"),(62,"Martin","pede.Suspendisse.dui@sit.co.uk","Ap #997-8464 Aliquet, Av.","1950-11-03","1609021879699","LTV35YXB4UR","ATIVO"),(63,"Elvis","ad.litora@sempertellusid.co.uk","P.O. Box 130, 6097 Risus. Ave","1995-06-15","1691040866899","AKV44ZFS3CK","ATIVO"),(64,"Janna","Integer.mollis.Integer@eget.co.uk","7185 Aliquam St.","1998-10-27","1695072546099","IAN96KQO3RE","ATIVO"),(65,"Kadeem","mollis.Phasellus@Duisvolutpatnunc.co.uk","836-1947 Tincidunt, Rd.","2010-05-07","1659042213499","IRJ55KVK9DY","ATIVO"),(66,"Rogan","Aliquam@arcu.edu","P.O. Box 156, 2299 Fermentum Rd.","1960-08-27","1619111472399","EIN42PNK2TL","ATIVO"),(67,"Jelani","dolor.Fusce@acliberonec.co.uk","887-9576 Taciti Ave","2002-04-28","1691062462099","QKS62TYC1WB","ATIVO"),(68,"Rudyard","ac@arcuVestibulumut.ca","222-1301 Cum Avenue","1999-02-11","1691092751299","RUQ47FZK6VK","ATIVO"),(69,"Demetrius","Aliquam.erat@tortor.ca","266-9362 Faucibus Rd.","1961-06-27","1644070735099","OVY39LAK2UX","ATIVO"),(70,"Danielle","Suspendisse.dui@orciUtsemper.com","Ap #659-8180 Dolor. St.","1959-04-11","1692052207699","CPS53UWL5YE","ATIVO");
INSERT INTO `Customers` (`customer_id`,`name`,`email`,`adress`,`birth_date`,`user`,`password`,`status`) VALUES (71,"Kimberly","malesuada@facilisisfacilisis.org","210-547 Ante Rd.","2013-03-26","1601011341399","MZI87SQD6DQ","ATIVO"),(72,"Valentine","pharetra.Quisque.ac@purus.edu","220-1921 Semper Road","1951-03-25","1618052776299","XZV83WQV0XQ","ATIVO"),(73,"Phelan","lacinia.vitae.sodales@vulputateullamcorper.ca","688-8560 Velit Street","1966-07-15","1646052489299","JUU48DSL0QZ","ATIVO"),(74,"Hakeem","magna@facilisis.org","484 Dignissim Road","1960-02-13","1639113061599","KLQ33SBG8QT","ATIVO"),(75,"Risa","enim@dapibusligula.net","Ap #837-3719 Sit St.","2013-03-23","1659110516799","WCQ24UYK2JO","ATIVO"),(76,"Wendy","Curabitur@nequeseddictum.co.uk","P.O. Box 809, 742 Erat. Rd.","1997-06-21","1678031269099","VMJ23YXF4RR","ATIVO"),(77,"Yolanda","et.tristique.pellentesque@antedictumcursus.net","P.O. Box 777, 6396 Ipsum Av.","1963-05-12","1692082524599","OSX68LVJ7WN","ATIVO"),(78,"Velma","sit@nuncInat.org","1695 Arcu. Street","1954-06-14","1632072309299","UMY15BIY5JD","ATIVO"),(79,"Martin","tincidunt.dui.augue@augueporttitorinterdum.com","Ap #554-3238 Velit Road","1988-04-30","1640070868799","JQJ81PYI6VR","ATIVO"),(80,"Flynn","tincidunt.orci.quis@etmagnis.net","4335 Odio Ave","1978-10-14","1624031540299","FGT14JRH0OO","ATIVO");
INSERT INTO `Customers` (`customer_id`,`name`,`email`,`adress`,`birth_date`,`user`,`password`,`status`) VALUES (81,"Xenos","est@arcuiaculisenim.edu","Ap #635-2257 Mollis Avenue","1989-05-04","1658090287299","FQX16BXU0TZ","INATIVO"),(82,"Axel","egestas.urna@cursusnonegestas.org","P.O. Box 415, 2079 Varius. Street","2014-05-03","1605010588899","OHD06NTN8ZK","INATIVO"),(83,"Cara","faucibus@magnis.co.uk","Ap #810-3423 Luctus Av.","1972-07-03","1619062471399","KQQ34VFG8LT","INATIVO"),(84,"Chase","venenatis.a.magna@pede.ca","P.O. Box 143, 7147 Sem. Av.","1987-01-09","1691010830499","MFA73CFN8IS","INATIVO"),(85,"Steel","Praesent.interdum@Donecfeugiatmetus.org","4859 Molestie Av.","1970-10-19","1615110877599","KXP23ION7PU","INATIVO"),(86,"Xerxes","Cum@Nuncquis.edu","5589 Vitae St.","1957-06-29","1600122767999","JQM66IWV7QD","INATIVO"),(87,"Christian","magna.a@seddictumeleifend.net","Ap #664-2011 Eros Av.","2016-01-22","1676070326999","LKS03BMJ1EU","INATIVO"),(88,"Jesse","diam.Duis@eratvolutpat.com","P.O. Box 709, 373 Augue. Street","1984-02-28","1661112429799","TRP01RMI8HW","INATIVO"),(89,"Basil","non@nibhvulputate.edu","106-3513 Diam. Road","1961-01-07","1679051317699","XEY49UOY7UQ","INATIVO"),(90,"Cameron","rhoncus.Nullam.velit@pellentesquemassa.edu","7135 Morbi Avenue","1992-09-20","1694112753199","CTR38PCV7IM","INATIVO");
INSERT INTO `Customers` (`customer_id`,`name`,`email`,`adress`,`birth_date`,`user`,`password`,`status`) VALUES (91,"Phelan","elit.Aliquam@Integer.ca","5961 Eu Av.","1985-03-09","1609040788699","DNC84QSK8PT","INATIVO"),(92,"Salvador","Donec.non@magnaLoremipsum.edu","Ap #731-1632 Fringilla. Rd.","1963-04-09","1691012416099","OWA64OEC8MF","INATIVO"),(93,"Raphael","Nullam.feugiat@enimconsequatpurus.edu","P.O. Box 529, 3036 Vehicula. St.","1986-10-17","1669122947399","YBA36AUT5XF","INATIVO"),(94,"Clio","Sed@velitCraslorem.ca","804-7898 Blandit St.","2007-11-21","1629012102299","VUN58VXN8NQ","INATIVO"),(95,"Skyler","placerat.velit.Quisque@necimperdiet.ca","P.O. Box 564, 4891 Scelerisque, Avenue","1951-10-08","1617112299699","VPY14QID8NX","INATIVO"),(96,"Gail","Aliquam.nisl@massaMauris.co.uk","Ap #824-9135 Lorem, Rd.","1967-05-11","1607090255899","VHL42YJT2DC","INATIVO"),(97,"Fletcher","ultrices.mauris@aliquetlibero.edu","P.O. Box 966, 8959 In Ave","1991-10-07","1633042718399","JUI70FWI4WA","INATIVO"),(98,"Raymond","urna@loremtristique.ca","Ap #292-255 Eu Road","1953-09-18","1611112110299","QLY88BJL8CZ","INATIVO"),(99,"Piper","sit.amet@ettristique.ca","P.O. Box 907, 1819 In Av.","1990-08-17","1643061434299","SIE20QHS2GX","INATIVO"),(100,"Veda","Suspendisse.commodo.tincidunt@vestibulum.net","P.O. Box 515, 3534 Ut Avenue","1954-06-05","1681061256399","ZCI70PWI0GR","INATIVO");

SELECT * FROM customers;

use dw;

INSERT INTO `Orders` (`order_id`,`product_id`,`customer_id`,`order_date`,`quantity`,`price`,`discount`,`net_price`) VALUES (1,1,1,"2013-04-09 14:51:20",37,"348.50","34.85","313.65"),(2,2,2,"2014-07-28 07:07:29",48,"348.50","34.85","313.65"),(3,3,3,"2012-08-02 11:51:14",35,"348.50","34.85","313.65"),(4,4,4,"2011-11-17 11:41:22",44,"348.50","34.85","313.65"),(5,5,5,"2012-06-19 08:51:24",34,"348.50","34.85","313.65"),(6,6,6,"2010-07-15 21:18:28",7,"348.50","34.85","313.65"),(7,7,7,"2014-01-20 16:46:56",7,"348.50","34.85","313.65"),(8,8,8,"2011-08-06 02:24:35",43,"348.50","34.85","313.65"),(9,9,9,"2014-11-29 08:38:03",14,"348.50","34.85","313.65"),(10,10,10,"2017-06-28 00:24:37",38,"348.50","34.85","313.65");
INSERT INTO `Orders` (`order_id`,`product_id`,`customer_id`,`order_date`,`quantity`,`price`,`discount`,`net_price`) VALUES (11,11,11,"2012-12-01 10:53:22",43,"348.50","34.85","313.65"),(12,12,12,"2013-09-24 17:37:22",2,"348.50","34.85","313.65"),(13,13,13,"2014-10-22 23:46:25",20,"348.50","34.85","313.65"),(14,14,14,"2013-07-03 23:56:50",15,"348.50","34.85","313.65"),(15,15,15,"2018-07-30 13:57:50",46,"348.50","34.85","313.65"),(16,16,16,"2012-08-02 12:54:41",12,"348.50","34.85","313.65"),(17,17,17,"2013-11-30 08:56:00",26,"348.50","34.85","313.65"),(18,18,18,"2010-06-21 10:11:39",35,"348.50","34.85","313.65"),(19,19,19,"2015-01-20 22:38:27",40,"348.50","34.85","313.65"),(20,20,20,"2017-10-11 08:10:59",48,"348.50","34.85","313.65");
INSERT INTO `Orders` (`order_id`,`product_id`,`customer_id`,`order_date`,`quantity`,`price`,`discount`,`net_price`) VALUES (21,21,21,"2016-09-21 03:13:31",30,"348.50","34.85","313.65"),(22,22,22,"2012-11-10 01:34:35",36,"348.50","34.85","313.65"),(23,23,23,"2017-10-04 09:41:30",45,"348.50","34.85","313.65"),(24,24,24,"2014-12-18 14:09:21",45,"348.50","34.85","313.65"),(25,25,25,"2013-06-18 06:11:38",14,"348.50","34.85","313.65"),(26,26,26,"2011-11-30 16:03:46",14,"348.50","34.85","313.65"),(27,27,27,"2017-04-12 07:21:37",26,"348.50","34.85","313.65"),(28,28,28,"2010-11-18 21:27:15",35,"348.50","34.85","313.65"),(29,29,29,"2011-09-18 16:36:39",4,"348.50","34.85","313.65"),(30,30,30,"2014-05-20 04:20:29",40,"348.50","34.85","313.65");
INSERT INTO `Orders` (`order_id`,`product_id`,`customer_id`,`order_date`,`quantity`,`price`,`discount`,`net_price`) VALUES (31,31,31,"2012-10-08 02:14:44",3,"348.50","34.85","313.65"),(32,32,32,"2016-05-01 12:15:14",16,"348.50","34.85","313.65"),(33,33,33,"2017-11-06 12:30:41",19,"348.50","34.85","313.65"),(34,34,34,"2017-09-14 11:57:29",23,"348.50","34.85","313.65"),(35,35,35,"2018-12-11 09:07:13",36,"348.50","34.85","313.65"),(36,36,36,"2011-07-12 04:17:28",33,"348.50","34.85","313.65"),(37,37,37,"2013-03-08 03:27:35",37,"348.50","34.85","313.65"),(38,38,38,"2014-09-20 16:31:42",8,"348.50","34.85","313.65"),(39,39,39,"2010-03-25 11:55:52",19,"348.50","34.85","313.65"),(40,40,40,"2018-11-20 10:00:53",19,"348.50","34.85","313.65");
INSERT INTO `Orders` (`order_id`,`product_id`,`customer_id`,`order_date`,`quantity`,`price`,`discount`,`net_price`) VALUES (41,41,41,"2013-10-01 21:25:52",30,"348.50","34.85","313.65"),(42,42,42,"2010-05-05 08:23:42",32,"348.50","34.85","313.65"),(43,43,43,"2011-02-14 22:46:43",12,"348.50","34.85","313.65"),(44,44,44,"2015-04-18 03:29:19",16,"348.50","34.85","313.65"),(45,45,45,"2012-11-05 15:33:45",13,"348.50","34.85","313.65"),(46,46,46,"2015-04-19 15:13:38",27,"348.50","34.85","313.65"),(47,47,47,"2018-02-15 08:39:21",34,"348.50","34.85","313.65"),(48,48,48,"2013-07-13 13:08:20",43,"348.50","34.85","313.65"),(49,49,49,"2010-04-21 01:46:26",24,"348.50","34.85","313.65"),(50,50,50,"2017-08-17 13:35:56",12,"348.50","34.85","313.65");
INSERT INTO `Orders` (`order_id`,`product_id`,`customer_id`,`order_date`,`quantity`,`price`,`discount`,`net_price`) VALUES (51,51,1,"2018-03-17 09:45:51",51,"657.90","65.79","592.11"),(52,52,2,"2014-10-14 14:38:16",28,"657.90","65.79","592.11"),(53,53,3,"2011-11-14 18:53:42",34,"657.90","65.79","592.11"),(54,54,4,"2010-08-27 08:51:15",2,"657.90","65.79","592.11"),(55,55,5,"2010-10-28 10:52:28",77,"657.90","65.79","592.11"),(56,56,6,"2014-11-10 09:43:12",21,"657.90","65.79","592.11"),(57,57,7,"2016-05-22 12:48:26",24,"657.90","65.79","592.11"),(58,58,8,"2015-12-03 16:11:11",35,"657.90","65.79","592.11"),(59,59,9,"2018-06-24 02:55:05",92,"657.90","65.79","592.11"),(60,60,10,"2014-08-23 13:39:29",90,"657.90","65.79","592.11");
INSERT INTO `Orders` (`order_id`,`product_id`,`customer_id`,`order_date`,`quantity`,`price`,`discount`,`net_price`) VALUES (61,61,11,"2013-09-11 00:18:53",23,"657.90","65.79","592.11"),(62,62,12,"2013-03-15 07:37:54",89,"657.90","65.79","592.11"),(63,63,13,"2018-09-05 02:09:25",9,"657.90","65.79","592.11"),(64,64,14,"2015-12-15 16:27:38",33,"657.90","65.79","592.11"),(65,65,15,"2016-02-14 16:08:37",43,"657.90","65.79","592.11"),(66,66,16,"2011-06-22 10:37:41",84,"657.90","65.79","592.11"),(67,67,17,"2010-01-28 04:18:38",82,"657.90","65.79","592.11"),(68,68,18,"2011-03-17 14:08:54",85,"657.90","65.79","592.11"),(69,69,19,"2018-08-19 10:17:51",36,"657.90","65.79","592.11"),(70,70,20,"2015-08-04 18:17:46",2,"657.90","65.79","592.11");
INSERT INTO `Orders` (`order_id`,`product_id`,`customer_id`,`order_date`,`quantity`,`price`,`discount`,`net_price`) VALUES (71,71,21,"2010-01-09 13:22:01",73,"657.90","65.79","592.11"),(72,72,22,"2016-12-24 01:41:05",25,"657.90","65.79","592.11"),(73,73,23,"2012-01-04 06:07:00",67,"657.90","65.79","592.11"),(74,74,24,"2010-05-30 02:31:13",59,"657.90","65.79","592.11"),(75,75,25,"2011-05-12 13:03:26",28,"657.90","65.79","592.11"),(76,76,26,"2010-04-10 18:40:55",80,"657.90","65.79","592.11"),(77,77,27,"2014-06-13 04:43:21",31,"657.90","65.79","592.11"),(78,78,28,"2013-12-17 15:07:12",27,"657.90","65.79","592.11"),(79,79,29,"2017-11-13 18:08:00",59,"657.90","65.79","592.11"),(80,80,30,"2011-02-27 01:21:11",99,"657.90","65.79","592.11");
INSERT INTO `Orders` (`order_id`,`product_id`,`customer_id`,`order_date`,`quantity`,`price`,`discount`,`net_price`) VALUES (81,81,31,"2013-01-07 10:05:29",27,"657.90","65.79","592.11"),(82,82,32,"2019-01-20 05:47:16",50,"657.90","65.79","592.11"),(83,83,33,"2018-03-21 10:38:48",44,"657.90","65.79","592.11"),(84,84,34,"2016-03-25 23:23:53",96,"657.90","65.79","592.11"),(85,85,35,"2015-10-20 21:21:01",52,"657.90","65.79","592.11"),(86,86,36,"2013-11-04 20:37:27",12,"657.90","65.79","592.11"),(87,87,37,"2017-02-24 09:19:45",14,"657.90","65.79","592.11"),(88,88,38,"2016-09-21 03:42:24",54,"657.90","65.79","592.11"),(89,89,39,"2012-05-04 17:04:41",27,"657.90","65.79","592.11"),(90,90,40,"2018-01-31 07:46:14",29,"657.90","65.79","592.11");
INSERT INTO `Orders` (`order_id`,`product_id`,`customer_id`,`order_date`,`quantity`,`price`,`discount`,`net_price`) VALUES (91,91,41,"2017-04-18 21:23:44",44,"657.90","65.79","592.11"),(92,92,42,"2017-12-06 20:23:31",97,"657.90","65.79","592.11"),(93,93,43,"2016-02-10 10:48:21",77,"657.90","65.79","592.11"),(94,94,44,"2016-04-03 00:26:34",62,"657.90","65.79","592.11"),(95,95,45,"2015-09-29 17:28:08",26,"657.90","65.79","592.11"),(96,96,46,"2013-09-19 20:18:16",83,"657.90","65.79","592.11"),(97,97,47,"2012-11-13 16:47:39",95,"657.90","65.79","592.11"),(98,98,48,"2011-09-30 05:17:30",50,"657.90","65.79","592.11"),(99,99,49,"2011-03-21 20:58:32",18,"657.90","65.79","592.11"),(100,100,50,"2018-08-03 21:38:57",89,"657.90","65.79","592.11");
INSERT INTO `Orders` (`order_id`,`product_id`,`customer_id`,`order_date`,`quantity`,`price`,`discount`,`net_price`) VALUES (101,1,51,"2011-04-27 05:51:27",18,"264.40","0.0","264.40"),(102,2,52,"2013-11-20 04:39:49",21,"264.40","0.0","264.40"),(103,3,53,"2016-04-10 08:18:23",22,"264.40","0.0","264.40"),(104,4,54,"2012-04-12 00:40:49",16,"264.40","0.0","264.40"),(105,5,55,"2016-01-18 01:19:06",27,"264.40","0.0","264.40"),(106,6,56,"2016-12-03 10:07:18",11,"264.40","0.0","264.40"),(107,7,57,"2012-12-26 12:39:19",19,"264.40","0.0","264.40"),(108,8,58,"2013-08-03 00:00:56",10,"264.40","0.0","264.40"),(109,9,59,"2018-05-16 11:12:04",16,"264.40","0.0","264.40"),(110,10,60,"2013-12-25 20:58:26",14,"264.40","0.0","264.40");
INSERT INTO `Orders` (`order_id`,`product_id`,`customer_id`,`order_date`,`quantity`,`price`,`discount`,`net_price`) VALUES (111,11,61,"2012-04-13 17:38:15",17,"264.40","0.0","264.40"),(112,12,62,"2018-10-14 04:11:12",28,"264.40","0.0","264.40"),(113,13,63,"2013-04-07 11:58:17",11,"264.40","0.0","264.40"),(114,14,64,"2014-12-13 18:36:38",30,"264.40","0.0","264.40"),(115,15,65,"2013-06-30 13:51:26",18,"264.40","0.0","264.40"),(116,16,66,"2012-12-09 18:23:12",23,"264.40","0.0","264.40"),(117,17,67,"2018-05-31 02:48:01",10,"264.40","0.0","264.40"),(118,18,68,"2017-07-27 13:12:11",29,"264.40","0.0","264.40"),(119,19,69,"2015-05-09 03:05:52",25,"264.40","0.0","264.40"),(120,20,70,"2012-09-19 10:53:12",17,"264.40","0.0","264.40");
INSERT INTO `Orders` (`order_id`,`product_id`,`customer_id`,`order_date`,`quantity`,`price`,`discount`,`net_price`) VALUES (121,21,71,"2016-12-22 23:20:57",26,"264.40","0.0","264.40"),(122,22,72,"2015-11-09 03:49:37",10,"264.40","0.0","264.40"),(123,23,73,"2018-02-03 05:58:53",22,"264.40","0.0","264.40"),(124,24,74,"2013-07-14 23:35:25",29,"264.40","0.0","264.40"),(125,25,75,"2013-08-22 09:10:38",15,"264.40","0.0","264.40"),(126,26,76,"2018-11-09 09:14:39",25,"264.40","0.0","264.40"),(127,27,77,"2018-05-28 22:54:13",21,"264.40","0.0","264.40"),(128,28,78,"2013-08-12 07:12:43",28,"264.40","0.0","264.40"),(129,29,79,"2010-12-13 08:02:56",18,"264.40","0.0","264.40"),(130,30,80,"2016-05-07 23:20:40",23,"264.40","0.0","264.40");
INSERT INTO `Orders` (`order_id`,`product_id`,`customer_id`,`order_date`,`quantity`,`price`,`discount`,`net_price`) VALUES (131,31,81,"2014-03-11 18:45:53",22,"264.40","0.0","264.40"),(132,32,82,"2011-09-17 10:50:58",21,"264.40","0.0","264.40"),(133,33,83,"2013-08-10 06:44:52",23,"264.40","0.0","264.40"),(134,34,84,"2016-02-15 18:09:52",29,"264.40","0.0","264.40"),(135,35,85,"2018-11-30 20:52:38",16,"264.40","0.0","264.40"),(136,36,86,"2014-07-31 15:22:04",17,"264.40","0.0","264.40"),(137,37,87,"2010-12-31 10:59:31",10,"264.40","0.0","264.40"),(138,38,88,"2010-01-10 11:27:42",14,"264.40","0.0","264.40"),(139,39,89,"2014-03-13 23:06:37",26,"264.40","0.0","264.40"),(140,40,90,"2011-02-18 13:44:25",29,"264.40","0.0","264.40");
INSERT INTO `Orders` (`order_id`,`product_id`,`customer_id`,`order_date`,`quantity`,`price`,`discount`,`net_price`) VALUES (141,41,91,"2011-05-17 20:08:56",25,"264.40","0.0","264.40"),(142,42,92,"2015-01-07 05:17:49",24,"264.40","0.0","264.40"),(143,43,93,"2015-05-18 20:12:37",30,"264.40","0.0","264.40"),(144,44,94,"2011-02-02 08:34:06",13,"264.40","0.0","264.40"),(145,45,95,"2012-06-30 00:23:13",17,"264.40","0.0","264.40"),(146,46,96,"2015-05-31 16:12:21",21,"264.40","0.0","264.40"),(147,47,97,"2012-11-11 09:28:18",20,"264.40","0.0","264.40"),(148,48,98,"2013-12-20 08:55:27",21,"264.40","0.0","264.40"),(149,49,99,"2018-09-25 18:48:28",13,"264.40","0.0","264.40"),(150,50,100,"2015-07-10 14:55:11",14,"264.40","0.0","264.40");
INSERT INTO `Orders` (`order_id`,`product_id`,`customer_id`,`order_date`,`quantity`,`price`,`discount`,`net_price`) VALUES (151,51,51,"2014-12-09 09:58:00",100,"745.52","0.0","745.52"),(152,52,52,"2015-04-09 12:10:14",86,"745.52","0.0","745.52"),(153,53,53,"2016-03-19 09:55:42",156,"745.52","0.0","745.52"),(154,54,54,"2014-01-28 16:23:56",147,"745.52","0.0","745.52"),(155,55,55,"2018-12-16 22:55:03",144,"745.52","0.0","745.52"),(156,56,56,"2014-02-15 02:32:22",92,"745.52","0.0","745.52"),(157,57,57,"2016-08-17 02:23:01",199,"745.52","0.0","745.52"),(158,58,58,"2017-01-12 22:24:41",84,"745.52","0.0","745.52"),(159,59,59,"2016-03-05 16:38:26",80,"745.52","0.0","745.52"),(160,60,60,"2010-01-28 20:03:27",194,"745.52","0.0","745.52");
INSERT INTO `Orders` (`order_id`,`product_id`,`customer_id`,`order_date`,`quantity`,`price`,`discount`,`net_price`) VALUES (161,61,61,"2010-07-15 11:00:34",173,"745.52","0.0","745.52"),(162,62,62,"2015-10-29 19:29:59",160,"745.52","0.0","745.52"),(163,63,63,"2012-07-07 07:30:46",146,"745.52","0.0","745.52"),(164,64,64,"2013-08-29 05:48:43",187,"745.52","0.0","745.52"),(165,65,65,"2011-05-15 06:48:04",80,"745.52","0.0","745.52"),(166,66,66,"2014-11-04 12:35:57",195,"745.52","0.0","745.52"),(167,67,67,"2018-05-25 06:59:05",165,"745.52","0.0","745.52"),(168,68,68,"2018-02-07 10:22:47",59,"745.52","0.0","745.52"),(169,69,69,"2018-02-28 19:05:37",98,"745.52","0.0","745.52"),(170,70,70,"2013-10-08 16:52:47",196,"745.52","0.0","745.52");
INSERT INTO `Orders` (`order_id`,`product_id`,`customer_id`,`order_date`,`quantity`,`price`,`discount`,`net_price`) VALUES (171,71,71,"2019-02-01 11:57:07",75,"745.52","0.0","745.52"),(172,72,72,"2014-12-08 05:54:49",152,"745.52","0.0","745.52"),(173,73,73,"2017-03-13 01:44:55",102,"745.52","0.0","745.52"),(174,74,74,"2013-11-07 20:16:03",106,"745.52","0.0","745.52"),(175,75,75,"2013-12-30 13:24:15",107,"745.52","0.0","745.52"),(176,76,76,"2012-03-14 02:31:40",51,"745.52","0.0","745.52"),(177,77,77,"2018-09-07 06:08:23",188,"745.52","0.0","745.52"),(178,78,78,"2010-07-07 14:26:13",165,"745.52","0.0","745.52"),(179,79,79,"2015-11-17 12:07:56",78,"745.52","0.0","745.52"),(180,80,80,"2016-08-01 21:01:57",74,"745.52","0.0","745.52");
INSERT INTO `Orders` (`order_id`,`product_id`,`customer_id`,`order_date`,`quantity`,`price`,`discount`,`net_price`) VALUES (181,81,81,"2012-04-20 22:16:01",163,"745.52","0.0","745.52"),(182,82,82,"2013-06-05 22:45:39",109,"745.52","0.0","745.52"),(183,83,83,"2013-11-19 21:30:42",123,"745.52","0.0","745.52"),(184,84,84,"2018-10-31 06:10:06",120,"745.52","0.0","745.52"),(185,85,85,"2012-10-16 00:20:41",140,"745.52","0.0","745.52"),(186,86,86,"2015-09-20 16:20:59",54,"745.52","0.0","745.52"),(187,87,87,"2011-05-31 22:42:03",169,"745.52","0.0","745.52"),(188,88,88,"2015-07-06 20:25:00",192,"745.52","0.0","745.52"),(189,89,89,"2011-08-05 16:58:15",113,"745.52","0.0","745.52"),(190,90,90,"2016-01-31 20:55:34",98,"745.52","0.0","745.52");
INSERT INTO `Orders` (`order_id`,`product_id`,`customer_id`,`order_date`,`quantity`,`price`,`discount`,`net_price`) VALUES (191,91,91,"2019-02-04 12:08:19",145,"745.52","0.0","745.52"),(192,92,92,"2016-12-13 18:11:20",166,"745.52","0.0","745.52"),(193,93,93,"2010-06-25 07:32:06",145,"745.52","0.0","745.52"),(194,94,94,"2016-04-08 15:19:04",111,"745.52","0.0","745.52"),(195,95,95,"2018-09-27 00:50:58",159,"745.52","0.0","745.52"),(196,96,96,"2010-01-28 06:25:52",62,"745.52","0.0","745.52"),(197,97,97,"2010-05-21 23:32:36",187,"745.52","0.0","745.52"),(198,98,98,"2018-06-08 13:58:00",105,"745.52","0.0","745.52"),(199,99,99,"2017-09-24 09:43:46",188,"745.52","0.0","745.52"),(200,100,100,"2018-03-27 02:56:01",108,"745.52","0.0","745.52");

SELECT * FROM Orders;

use dw;

INSERT INTO `Products` (`product_id`,`description`,`stock_quantity`,`unit_price`,`provider`) VALUES (1,"Desc12",64,"59.80","Adobe"),(2,"Desc2",351,"59.80","Google"),(3,"Desc5",74,"59.80","Macromedia"),(4,"Desc5",149,"59.80","Adobe"),(5,"Desc10",198,"59.80","Google"),(6,"Desc1",671,"59.80","Lycos"),(7,"Desc2",70,"59.80","Adobe"),(8,"Desc5",240,"59.80","Google"),(9,"Desc5",85,"59.80","Sibelius"),(10,"Desc7",397,"59.80","Borland");
INSERT INTO `Products` (`product_id`,`description`,`stock_quantity`,`unit_price`,`provider`) VALUES (11,"Desc6",864,"59.80","Microsoft"),(12,"Desc9",96,"59.80","Finale"),(13,"Desc11",34,"59.80","Macromedia"),(14,"Desc12",195,"59.80","Lavasoft"),(15,"Desc8",895,"59.80","Microsoft"),(16,"Desc12",155,"59.80","Cakewalk"),(17,"Desc11",817,"59.80","Finale"),(18,"Desc8",437,"59.80","Cakewalk"),(19,"Desc8",390,"59.80","Sibelius"),(20,"Desc3",203,"59.80","Borland");
INSERT INTO `Products` (`product_id`,`description`,`stock_quantity`,`unit_price`,`provider`) VALUES (21,"Desc11",822,"59.80","Chami"),(22,"Desc4",12,"59.80","Yahoo"),(23,"Desc5",23,"59.80","Google"),(24,"Desc7",130,"59.80","Apple Systems"),(25,"Desc5",740,"59.80","Apple Systems"),(26,"Desc11",284,"59.80","Google"),(27,"Desc5",546,"59.80","Microsoft"),(28,"Desc4",706,"59.80","Lavasoft"),(29,"Desc10",302,"59.80","Adobe"),(30,"Desc7",202,"59.80","Finale");
INSERT INTO `Products` (`product_id`,`description`,`stock_quantity`,`unit_price`,`provider`) VALUES (31,"Desc11",396,"59.80","Apple Systems"),(32,"Desc12",492,"59.80","Borland"),(33,"Desc3",809,"59.80","Adobe"),(34,"Desc4",865,"59.80","Cakewalk"),(35,"Desc8",133,"59.80","Apple Systems"),(36,"Desc5",869,"59.80","Lycos"),(37,"Desc10",275,"59.80","Lycos"),(38,"Desc2",273,"59.80","Google"),(39,"Desc4",481,"59.80","Sibelius"),(40,"Desc1",278,"59.80","Altavista");
INSERT INTO `Products` (`product_id`,`description`,`stock_quantity`,`unit_price`,`provider`) VALUES (41,"Desc11",15,"59.80","Sibelius"),(42,"Desc7",463,"59.80","Macromedia"),(43,"Desc2",470,"59.80","Lavasoft"),(44,"Desc7",509,"59.80","Adobe"),(45,"Desc2",121,"59.80","Macromedia"),(46,"Desc6",59,"59.80","Macromedia"),(47,"Desc1",996,"59.80","Lavasoft"),(48,"Desc8",366,"59.80","Borland"),(49,"Desc11",24,"59.80","Lycos"),(50,"Desc8",464,"59.80","Yahoo");
INSERT INTO `Products` (`product_id`,`description`,`stock_quantity`,`unit_price`,`provider`) VALUES (51,"Desc5",539,"59.80","Yahoo"),(52,"Desc7",331,"59.80","Macromedia"),(53,"Desc11",646,"59.80","Apple Systems"),(54,"Desc1",801,"59.80","Sibelius"),(55,"Desc11",549,"59.80","Chami"),(56,"Desc10",624,"59.80","Macromedia"),(57,"Desc11",903,"59.80","Macromedia"),(58,"Desc3",808,"59.80","Altavista"),(59,"Desc11",742,"59.80","Cakewalk"),(60,"Desc8",652,"59.80","Cakewalk");
INSERT INTO `Products` (`product_id`,`description`,`stock_quantity`,`unit_price`,`provider`) VALUES (61,"Desc9",829,"59.80","Altavista"),(62,"Desc11",212,"59.80","Sibelius"),(63,"Desc3",377,"59.80","Lycos"),(64,"Desc12",139,"59.80","Chami"),(65,"Desc3",881,"59.80","Yahoo"),(66,"Desc5",19,"59.80","Finale"),(67,"Desc12",489,"59.80","Google"),(68,"Desc10",103,"59.80","Google"),(69,"Desc6",542,"59.80","Finale"),(70,"Desc12",383,"59.80","Microsoft");
INSERT INTO `Products` (`product_id`,`description`,`stock_quantity`,`unit_price`,`provider`) VALUES (71,"Desc10",691,"59.80","Google"),(72,"Desc4",617,"59.80","Chami"),(73,"Desc8",822,"59.80","Yahoo"),(74,"Desc2",1000,"59.80","Sibelius"),(75,"Desc3",96,"59.80","Chami"),(76,"Desc2",1000,"59.80","Apple Systems"),(77,"Desc8",74,"59.80","Lycos"),(78,"Desc6",292,"59.80","Apple Systems"),(79,"Desc4",245,"59.80","Finale"),(80,"Desc8",221,"59.80","Apple Systems");
INSERT INTO `Products` (`product_id`,`description`,`stock_quantity`,`unit_price`,`provider`) VALUES (81,"Desc3",525,"59.80","Lycos"),(82,"Desc2",951,"59.80","Cakewalk"),(83,"Desc7",831,"59.80","Finale"),(84,"Desc1",706,"59.80","Chami"),(85,"Desc4",716,"59.80","Chami"),(86,"Desc2",644,"59.80","Lavasoft"),(87,"Desc8",345,"59.80","Apple Systems"),(88,"Desc11",832,"59.80","Microsoft"),(89,"Desc3",228,"59.80","Adobe"),(90,"Desc7",923,"59.80","Sibelius");
INSERT INTO `Products` (`product_id`,`description`,`stock_quantity`,`unit_price`,`provider`) VALUES (91,"Desc1",21,"59.80","Adobe"),(92,"Desc1",126,"59.80","Yahoo"),(93,"Desc6",337,"59.80","Macromedia"),(94,"Desc8",389,"59.80","Google"),(95,"Desc5",20,"59.80","Lavasoft"),(96,"Desc4",289,"59.80","Yahoo"),(97,"Desc4",679,"59.80","Apple Systems"),(98,"Desc9",141,"59.80","Cakewalk"),(99,"Desc4",516,"59.80","Apple Systems"),(100,"Desc4",882,"59.80","Apple Systems");

SELECT * FROM products;



+++++++++++++++++++++++++++++++++++++++++++++++++++++++++++++++++++++++++++++++


CREATE TABLE ods.o_pedidos (
region TEXT,
country TEXT,
item_type TEXT,
sales_channel TEXT,
order_priority TEXT,
order_date TEXT,
order_id TEXT,
ship_date TEXT,
units_sold TEXT,
unit_price TEXT,
unit_cost TEXT,
total_revenue TEXT,
total_cost TEXT,
total_profit TEXT)
ENGINE=INNODB DEFAULT CHARSET=utf8;

+++++++++++++++++++++++++++++++++++++++++++++++++++++++++++++++

INSERT INTO FlowFiles (region, country, item_type, sales_channel, order_priority, order_date, order_id, ship_date, units_sold, unit_price, unit_cost, total_revenue, total_cost, total_profit) 
VALUES ( '$ {region}', '$ {country}', '$ {item_type}', '$ {sales_channel}', '$ {order_priority}', '$ {order_date}', '$ {order_id}', '$ {ship_date}', '$ {units_sold}', '$ {unit_price}', '$ {unit_cost}', '$ {total_revenue}', '$ {total_cost}', '$ {total_profit}')


+++++++++++++++++++++++++++++++++++++++++++++++++++++++++++++++

create table stage.fato (order_id int NOT NULL AUTO_INCREMENT,
FOREIGN KEY(id_region) REFERENCES stage.region(id),
FOREIGN KEY(id_country) REFERENCES stage.country(id),
FOREIGN KEY(id_sales_channel) REFERENCES stage.sales_channel(id),
item_type TEXT,
order_priority CHAR,
order_date DATE,
ship_date DATE,
units_sold INT,
unit_price FLOAT,
unit_cost FLOAT,
total_revenue FLOAT,
total_cost FLOAT,
total_profit TEXT, 
PRIMARY KEY (order_id));

++++++++++++++++++++++++++++++++++++++++++++++++++++++++++++++


select sum(a.total_revenue) as total, c.region, d.country from dw.ft_orders a 
    inner join (select max(left(order_date,4)) as order_date from dw.ft_orders)b on left(a.order_date,4) =  b.order_date
    inner join dw.dim_region c on a.region_id = c.region_id
    inner join dw.dim_country d on a.country_id = d.country_id
group by c.region, d.country order by sum(a.total_revenue) desc;

++++++++++++++++++++++++++++++++++++++++++++++++++++++++++++++


SELECT * FROM ods.orders
WHERE id > (SELECT count(*) FROM stage.o_pedidos);


++++++++++++++++++++++++++++++++++++++++++++++++++++++++++++++


